PX_119;;2022.10.31 09:00:58;PX_175
PX_179;jhwroma;2022.10.31 09:00:58;
;PX_150;;2022.10.31 09:00:58;PX_142
QE_141;bsqm;25.10.2022 18/03/33;
PX_198;hxvpntsagjkmf;2022.10.31 09:00:58;PX_127
PX_116;yxjqblgmd;2022.10.31 09:00:58;PX_69
UL_194;lrqnpjkhxyfsbia;2022.10.31 09:00:58;
WE_120;;2022.10.31 09:00:58;PX_59
PX_108;;2022.10.31 09:00:58;
;PX_169;vc;2022.10.31 09:00:58;
PX_188;;2022.10.31 09:00:58;PX_105
PX_181;;2022.10.31 09:00:58;
PX_124;;2022.10.31 09:00:58;PX_97
PX_131;jtfobkncpzsevhxlywgqdar;2022.10.31 09:00:58;
PX_130;;2022.10.31 09:00:58;
PX_186;shpreavlqmctuy;2022.10.31 09:00:58;
PX_160;wz;2022.10.31 09:00:58;
PX_135;;2022.10.31 09:00:58;
PX_135;awqsxozgipmnhyec;2022.10.31 09:00:58;PX_149
PX_145;;2022.10.31 09:00:58;
VE_179;;2022.10.31 09:00:58;
QE_142;dilqfw;2022.10.31 09:00:58;;
PX_141;;2022.10.31 09:00:58;PX_176
PX_118;;2022.10.31 09:00:58;
PX_126;;2022.10.31 09:00:58;
PX_138;edxtufvjaolpik;2022.10.31 09:00:58;
PX_173;skpclqdby;2022.10.31 09:00:58;PX_72
PX_134;rmypsntlzwj;2022.10.31 09:00:58;
PX_120;kuj;2022.10.31 09:00:58;
PX_166;fzohmak;2022.10.31 09:00:58;PX_98
PX_124;nmgzbfqjcxepukosdtvhi;2022.10.31 09:00:58;
GQ_187;rpzmyqsofjkvchxieawd;2022.10.31 09:00:58;PX_39
PX_171;;2022.10.31 09:00:58;PX_36
PX_166;cztw;2022.10.31 09:00:58;PX_23
PX_174;;2022.10.31 09:00:58;
PX_166;;2022.10.31 09:00:58;
PX_193;vundxmzaftb;2022.10.31 09:00:58;
PX_111;jsp;2022.10.31 09:00:58;PX_81
PX_149;vwitjnkca;2022.10.31 09:00:58;
PX_138;zjp;2022.10.31 09:00:58;PX_90
PX_150;apkmiysfeuqjhlxgdtrczo;2022.10.31 09:00:58;PX_155
PX_110;rbduktjp;2022.10.31 09:00:58;
PX_148;;2022.10.31 09:00:58;
PX_199;embzqofxhlkiarc;2022.10.31 09:00:58;
PX_117;ranishtpwfkuy;2022.10.31 09:00:58;PX_7
PX_111;rpxtnawbsfid;2022.10.31 09:00:58;
GO_199;uqnxvyz;2022.10.31 09:00:58;
PX_171;lnocrfaspeuvtqbdjzhw;2022.10.31 09:00:58;PX_93
PX_147;msgfzaxnvpoiwhubtky;2022.10.31 09:00:58;PX_58
PX_123;;2022.10.31 09:00:58;PX_114
PX_192;;2022.10.31 09:00:58;
PX_106;fcaxld;2022.10.31 09:00:58;PX_118
PX_147;;2022.10.31 09:00:58;
PX_172;;2022.10.31 09:00:58;
PX_143;qrpscfge;2022.10.31 09:00:58;PX_128;
PX_165;yjurg;2022.10.31 09:00:58;PX_37;
PX_125;kycuxhrsdjfvlqenzowi;2022.10.31 09:00:58;PX_34
PX_135;jorzebqycskaxlhpf;2022.10.31 09:00:58;PX_40
;PX_103;dsxlycwmgepbfohujz;2022.10.31 09:00:58;PX_182
PX_119;;2022.10.31 09:00:58;PX_3
PX_194;netzpk;2022.10.31 09:00:58;
PX_150;kfwsnpihqedrmuvxytobagczj;2022.10.31 09:00:58;PX_91
PX_119;;2022.10.31 09:00:58;PX_162
PX_155;;2022.10.31 09:00:58;
PX_134;eqfdwrkxzpojuhymsbv;2022.10.31 09:00:58;PX_58
PX_143;;2022.10.31 09:00:58;
PG_123;bxvqtgycnduhamk;2022.10.31 09:00:58;
GP_165;vcmgtaqesjd;2022.10.31 09:00:58;
PX_163;;2022.10.31 09:00:58;
PX_158;qovmnakslrpjwuz;2022.10.31 09:00:58;
PX_125;s;2022.10.31 09:00:58;PX_159
PX_128;emjgdvoaqbswn;2022.10.31 09:00:58;
PX_168;;2022.10.31 09:00:58;
PX_159;;2022.10.31 09:00:58;PX_12
PX_128;;2022.10.31 09:00:58;
PX_126;fwdyhiutxz;2022.10.31 09:00:58;PX_10
PX_173;;2022.10.31 09:00:58;;
PX_132;;2022.10.31 09:00:58;
PX_147;;2022.10.31 09:00:58;PX_22
HP_172;;2022.10.31 09:00:58;PX_169
PX_182;tsamzgyulxvejwqpfi;2022.10.31 09:00:58;
PX_200;;2022.10.31 09:00:58;PX_45
PX_185;rgbwhevtzpcdalxkfq;2022.10.31 09:00:58;PX_25
PX_138;;2022.10.31 09:00:58;
PX_114;ibwrsknlypujvgxdzhcofe;2022.10.31 09:00:58;PX_107
PX_168;tbyuxspe;2022.10.31 09:00:58;PX_128
PX_172;dkocjnu;2022.10.31 09:00:58;PX_70
PX_173;;25.10.2022 18/03/33;PX_173;
PX_130;qxrdlvnfzbhaikgces;2022.10.31 09:00:58;
PX_137;;2022.10.31 09:00:58;
PX_143;kujoiqwbxgvrsdyc;2022.10.31 09:00:58;
PX_141;;2022.10.31 09:00:58;PX_186
KJ_191;;2022.10.31 09:00:58;PX_195
;PX_186;;2022.10.31 09:00:58;PX_153
PX_105;;2022.10.31 09:00:58;
PX_108;;2022.10.31 09:00:58;
PX_126;;2022.10.31 09:00:58;
PX_191;;2022.10.31 09:00:58;PX_188
HD_172;inzljshec;2022.10.31 09:00:58;
;PX_143;;2022.10.31 09:00:58;PX_123