PX_201;;2022.10.31 09:01:28;PX_154
PX_202;egqvljhbdakczoyupx;2022.10.31 09:01:28;PX_139
PX_203;xmja;2022.10.31 09:01:28;PX_25
PX_204;;2022.10.31 09:01:28;PX_39
PX_205;fv;2022.10.31 09:01:28;
PX_206;gvmy;2022.10.31 09:01:28;PX_101
PX_207;;2022.10.31 09:01:28;PX_205
PX_208;boxrnmzqdjpuivfychst;2022.10.31 09:01:28;PX_105
PX_209;nypiwvjgradcmxseqkhzlbtf;2022.10.31 09:01:28;PX_204
PX_210;;2022.10.31 09:01:28;
PX_211;ompjexqhwukaslytbrc;2022.10.31 09:01:28;PX_97
PX_212;qjsuyobvaxgidmtkfclnh;2022.10.31 09:01:28;PX_144
PX_213;;2022.10.31 09:01:28;PX_162
PX_214;q;2022.10.31 09:01:28;PX_13
PX_215;joem;2022.10.31 09:01:28;
PX_216;;2022.10.31 09:01:28;PX_92
PX_217;a;2022.10.31 09:01:28;PX_183
PX_218;iycelavzwqhgtnb;2022.10.31 09:01:28;PX_2
PX_219;;2022.10.31 09:01:28;PX_96
PX_220;hzkldjmrxasvpit;2022.10.31 09:01:28;
PX_221;gsvtq;2022.10.31 09:01:28;PX_108
PX_222;;2022.10.31 09:01:28;PX_6
PX_223;yrbchuxzedplkamtqgjvfniso;2022.10.31 09:01:28;PX_223
PX_224;cagpkdhz;2022.10.31 09:01:28;PX_9
PX_225;;2022.10.31 09:01:28;
PX_226;vhiutpknl;2022.10.31 09:01:28;PX_153
PX_227;urgocpwednajlsfxmbk;2022.10.31 09:01:28;PX_37
PX_228;;2022.10.31 09:01:28;PX_200
PX_229;awsmoqcpxrztjfgln;2022.10.31 09:01:28;PX_155
PX_230;smoxgzqpktvydiwfraecjhulb;2022.10.31 09:01:28;
PX_231;;2022.10.31 09:01:28;PX_99
PX_232;gbktcrzsfnvoqxuhw;2022.10.31 09:01:28;PX_90
PX_233;zvewhdnqmltsgipfcja;2022.10.31 09:01:28;PX_57
PX_234;;2022.10.31 09:01:28;PX_41
PX_235;vgjuqmaoswlcfriphxnzyk;2022.10.31 09:01:28;
PX_236;ozbasfwpuciyvjmhretnxkqdl;2022.10.31 09:01:28;PX_233
PX_237;;2022.10.31 09:01:28;PX_73
PX_238;fhkp;2022.10.31 09:01:28;PX_5
PX_239;jxwslnzeyrtmdoqfbhic;2022.10.31 09:01:28;PX_157
PX_240;;2022.10.31 09:01:28;
PX_241;lvq;2022.10.31 09:01:28;PX_88
PX_242;gzoaes;2022.10.31 09:01:28;PX_104
PX_243;;2022.10.31 09:01:28;PX_189
PX_244;ilpsmhyvandbqxc;2022.10.31 09:01:28;PX_229
PX_245;qks;2022.10.31 09:01:28;
PX_246;;2022.10.31 09:01:28;PX_3
PX_247;fjnqhduxlcgerompb;2022.10.31 09:01:28;PX_68
PX_248;twj;2022.10.31 09:01:28;PX_161
PX_249;;2022.10.31 09:01:28;PX_25
PX_250;ahefurvlgcyxsqimbonjzwp;2022.10.31 09:01:28;
PX_251;jrmvzknfwgquseyaxti;2022.10.31 09:01:28;PX_73
PX_252;;2022.10.31 09:01:28;PX_222
PX_253;drfqxswecu;2022.10.31 09:01:28;PX_81
PX_254;sqxowurybmfijnkhlcvp;2022.10.31 09:01:28;PX_144
PX_255;;2022.10.31 09:01:28;
PX_256;xgfqjevsatidwuzclymhpk;2022.10.31 09:01:28;PX_219
PX_257;kflspzrtjcudaone;2022.10.31 09:01:28;PX_178
PX_258;;2022.10.31 09:01:28;PX_204
PX_259;wleoqagrftsydbimzcpvunhxk;2022.10.31 09:01:28;PX_106
PX_260;fekcwxptmroahgnldzujsvi;2022.10.31 09:01:28;
PX_261;;2022.10.31 09:01:28;PX_106
PX_262;diwyvn;2022.10.31 09:01:28;PX_123
PX_263;zfybpsrkmtcgjlwvd;2022.10.31 09:01:28;PX_163
PX_264;;2022.10.31 09:01:28;PX_19
PX_265;lcyoidwvqzurejf;2022.10.31 09:01:28;
PX_266;staiuvr;2022.10.31 09:01:28;PX_41
PX_267;;2022.10.31 09:01:28;PX_230
PX_268;ywd;2022.10.31 09:01:28;PX_56
PX_269;sfoxl;2022.10.31 09:01:28;PX_238
PX_270;;2022.10.31 09:01:28;
PX_271;tzonhbvuxjl;2022.10.31 09:01:28;PX_237
PX_272;no;2022.10.31 09:01:28;PX_134
PX_273;;2022.10.31 09:01:28;PX_244
PX_274;ou;2022.10.31 09:01:28;PX_217
PX_275;gozxi;2022.10.31 09:01:28;
PX_276;;2022.10.31 09:01:28;PX_79
PX_277;uezblhfyvnsagcwdkimp;2022.10.31 09:01:28;PX_125
PX_278;debht;2022.10.31 09:01:28;PX_261
PX_279;;2022.10.31 09:01:28;PX_141
PX_280;szmqnhapxjyvcet;2022.10.31 09:01:28;
PX_281;x;2022.10.31 09:01:28;PX_26
PX_282;;2022.10.31 09:01:28;PX_112
PX_283;qpevzr;2022.10.31 09:01:28;PX_115
PX_284;ayiqzxdhortfce;2022.10.31 09:01:28;PX_218
PX_285;;2022.10.31 09:01:28;
PX_286;kbexfjvpudi;2022.10.31 09:01:28;PX_170
PX_287;cqxnoiarzkswjtghev;2022.10.31 09:01:28;PX_182
PX_288;;2022.10.31 09:01:28;PX_233
PX_289;fig;2022.10.31 09:01:28;PX_78
PX_290;hy;2022.10.31 09:01:28;
PX_291;;2022.10.31 09:01:28;PX_284
PX_292;dtxzea;2022.10.31 09:01:28;PX_185
PX_293;rzvuolxwgnthiakbs;2022.10.31 09:01:28;PX_67
PX_294;;2022.10.31 09:01:28;PX_115
PX_295;ulpzdj;2022.10.31 09:01:28;
PX_296;abusgycwx;2022.10.31 09:01:28;PX_45
PX_297;;2022.10.31 09:01:28;PX_218
PX_298;ldykthnvpfjw;2022.10.31 09:01:28;PX_54
PX_299;nbygmktxqju;2022.10.31 09:01:28;PX_146
PX_300;;2022.10.31 09:01:28;
PX_301;tpeunks;2022.10.31 09:01:28;PX_162
PX_302;ayhtilesqvzd;2022.10.31 09:01:28;PX_281
PX_303;;2022.10.31 09:01:28;PX_183
PX_304;xsavdfnkelotjyizbqpm;2022.10.31 09:01:28;PX_228
PX_305;rkbqwnoxpcgehsmfydvzjutai;2022.10.31 09:01:28;
PX_306;;2022.10.31 09:01:28;PX_24
PX_307;ihnpsbejatkzxmvqyfd;2022.10.31 09:01:28;PX_271
PX_308;njmlpdytfcuawkoshgqbxz;2022.10.31 09:01:28;PX_290
PX_309;;2022.10.31 09:01:28;PX_207
PX_310;qmtdjcearnhpvosilx;2022.10.31 09:01:28;
PX_311;pgxunhykfdeobljsvqac;2022.10.31 09:01:28;PX_166
PX_312;;2022.10.31 09:01:28;PX_184
PX_313;ncp;2022.10.31 09:01:28;PX_80
PX_314;xke;2022.10.31 09:01:28;PX_272
PX_315;;2022.10.31 09:01:28;
PX_316;tkwpsyudzixbcloavhfg;2022.10.31 09:01:28;PX_124
PX_317;ktsvcwljebhxouqdifrzgpan;2022.10.31 09:01:28;PX_33
PX_318;;2022.10.31 09:01:28;PX_76
PX_319;qewcrbgkaonluv;2022.10.31 09:01:28;PX_18
PX_320;akefnydxwocjt;2022.10.31 09:01:28;
PX_321;;2022.10.31 09:01:28;PX_179
PX_322;levtbg;2022.10.31 09:01:28;PX_175
PX_323;fucyxwi;2022.10.31 09:01:28;PX_171
PX_324;;2022.10.31 09:01:28;PX_213
PX_325;fjpdbowzklihagcrstunyqe;2022.10.31 09:01:28;
PX_326;envgdbqofaupwmrjzilxcykh;2022.10.31 09:01:28;PX_181
PX_327;;2022.10.31 09:01:28;PX_152
PX_328;bdrfpv;2022.10.31 09:01:28;PX_300
PX_329;lconsxi;2022.10.31 09:01:28;PX_238
PX_330;;2022.10.31 09:01:28;
PX_331;pkqlhreinvmbguoxdfcjywzas;2022.10.31 09:01:28;PX_74
PX_332;cgowuanrdqftszixv;2022.10.31 09:01:28;PX_52
PX_333;;2022.10.31 09:01:28;PX_131
PX_334;xapnmyrugtsvwhbfdzckqo;2022.10.31 09:01:28;PX_231
PX_335;dkxmqhwcjy;2022.10.31 09:01:28;
PX_336;;2022.10.31 09:01:28;PX_157
PX_337;rpxfahegqdmic;2022.10.31 09:01:28;PX_7
PX_338;akigzpcvwnyl;2022.10.31 09:01:28;PX_41
PX_339;;2022.10.31 09:01:28;PX_148
PX_340;vpuwrcelixanjtyqmobkz;2022.10.31 09:01:28;
PX_341;tiku;2022.10.31 09:01:28;PX_127
PX_342;;2022.10.31 09:01:28;PX_180
PX_343;tnbqz;2022.10.31 09:01:28;PX_57
PX_344;bvlpd;2022.10.31 09:01:28;PX_279
PX_345;;2022.10.31 09:01:28;
PX_346;gaokuzxnfrwjeqb;2022.10.31 09:01:28;PX_342
PX_347;fshmquwa;2022.10.31 09:01:28;PX_39
PX_348;;2022.10.31 09:01:28;PX_111
PX_349;jmdgxkzah;2022.10.31 09:01:28;PX_195
PX_350;rdmwb;2022.10.31 09:01:28;
PX_351;;2022.10.31 09:01:28;PX_71
PX_352;pwdguijcnsmh;2022.10.31 09:01:28;PX_296
PX_353;awfbezgkqcvompx;2022.10.31 09:01:28;PX_146
PX_354;;2022.10.31 09:01:28;PX_313
PX_355;ijxtuwzqnfmgeybhrkp;2022.10.31 09:01:28;
PX_356;zgrqstlxwacie;2022.10.31 09:01:28;PX_268
PX_357;;2022.10.31 09:01:28;PX_184
PX_358;nvtfpcbedgwahrmqsolkuzx;2022.10.31 09:01:28;PX_183
PX_359;zartonqfkyhiwb;2022.10.31 09:01:28;PX_202
PX_360;;2022.10.31 09:01:28;
PX_361;mysqkzrnhjevlogacuf;2022.10.31 09:01:28;PX_58
PX_362;nxrm;2022.10.31 09:01:28;PX_89
PX_363;;2022.10.31 09:01:28;PX_309
PX_364;ybnskcxigqulvmowfharj;2022.10.31 09:01:28;PX_47
PX_365;vkanwtpm;2022.10.31 09:01:28;
PX_366;;2022.10.31 09:01:28;PX_182
PX_367;vyzrbxiwoksudthlcjgpqnaf;2022.10.31 09:01:28;PX_185
PX_368;aomnlzfdpqkesb;2022.10.31 09:01:28;PX_138
PX_369;;2022.10.31 09:01:28;PX_226
PX_370;tqaonwcfusheimvlrjkpgx;2022.10.31 09:01:28;
PX_371;kvsoafmtxznbyhpdrqueglwj;2022.10.31 09:01:28;PX_144
PX_372;;2022.10.31 09:01:28;PX_333
PX_373;vuwndsqfgp;2022.10.31 09:01:28;PX_250
PX_374;mtnfgopwsycaexlhvr;2022.10.31 09:01:28;PX_172
PX_375;;2022.10.31 09:01:28;
PX_376;bnyhfkzurpo;2022.10.31 09:01:28;PX_119
PX_377;ryqdotx;2022.10.31 09:01:28;PX_82
PX_378;;2022.10.31 09:01:28;PX_356
PX_379;mvufrnpebzhgosxyktjiq;2022.10.31 09:01:28;PX_51
PX_380;hupwn;2022.10.31 09:01:28;
PX_381;;2022.10.31 09:01:28;PX_78
PX_382;dcuznbjpv;2022.10.31 09:01:28;PX_106
PX_383;zv;2022.10.31 09:01:28;PX_345
PX_384;;2022.10.31 09:01:28;PX_295
PX_385;ctxphsqmdjguwblzvi;2022.10.31 09:01:28;
PX_386;mjlygaveiutfb;2022.10.31 09:01:28;PX_129
PX_387;;2022.10.31 09:01:28;PX_284
PX_388;uiesdzcahjtkngwrpyb;2022.10.31 09:01:28;PX_289
PX_389;dpngjzrwqxvcmhtalfuyseb;2022.10.31 09:01:28;PX_98
PX_390;;2022.10.31 09:01:28;
PX_391;raywxmsigfdhuzqolvtbkj;2022.10.31 09:01:28;PX_274
PX_392;urjzskqtwpdy;2022.10.31 09:01:28;PX_27
PX_393;;2022.10.31 09:01:28;PX_249
PX_394;xrmvpwyfheuikzgb;2022.10.31 09:01:28;PX_273
PX_395;krtcpus;2022.10.31 09:01:28;
PX_396;;2022.10.31 09:01:28;PX_156
PX_397;jpncgemqlsrwydzifo;2022.10.31 09:01:28;PX_252
PX_398;yfurjg;2022.10.31 09:01:28;PX_143
PX_399;;2022.10.31 09:01:28;PX_120
PX_400;zp;2022.10.31 09:01:28;
PX_401;mdaxrflypcbsvnqj;2022.10.31 09:01:28;PX_309
PX_402;;2022.10.31 09:01:28;PX_349
PX_403;aqzuhmwcb;2022.10.31 09:01:28;PX_94
PX_404;ezctivgdfyjxupnkqh;2022.10.31 09:01:28;PX_263
PX_405;;2022.10.31 09:01:28;
PX_406;dsnopv;2022.10.31 09:01:28;PX_79
PX_407;ecdwasgpjrlvunhiytofk;2022.10.31 09:01:28;PX_254
PX_408;;2022.10.31 09:01:28;PX_210
PX_409;byszjqfuehpckvnd;2022.10.31 09:01:28;PX_329
PX_410;jwacvibryqupsmdnflgoxez;2022.10.31 09:01:28;
PX_411;;2022.10.31 09:01:28;PX_174
PX_412;erxayvsuqni;2022.10.31 09:01:28;PX_15
PX_413;mxltjwzeivqcundgyf;2022.10.31 09:01:28;PX_155
PX_414;;2022.10.31 09:01:28;PX_31
PX_415;pbdzcvhymjngteoiq;2022.10.31 09:01:28;
PX_416;xwsjldzteugrhvcympaok;2022.10.31 09:01:28;PX_365
PX_417;;2022.10.31 09:01:28;PX_222
PX_418;qptseyl;2022.10.31 09:01:28;PX_346
PX_419;uwmgtf;2022.10.31 09:01:28;PX_341
PX_420;;2022.10.31 09:01:28;
PX_421;abrzwpeuhcyd;2022.10.31 09:01:28;PX_80
PX_422;naflyt;2022.10.31 09:01:28;PX_142
PX_423;;2022.10.31 09:01:28;PX_118
PX_424;ltrqnmubwispaezkygo;2022.10.31 09:01:28;PX_129
PX_425;idzomxgltvhynkspjrfq;2022.10.31 09:01:28;
PX_426;;2022.10.31 09:01:28;PX_408
PX_427;gdcysmiupvhrnezbjktqfaox;2022.10.31 09:01:28;PX_338
PX_428;qdjbhkev;2022.10.31 09:01:28;PX_261
PX_429;;2022.10.31 09:01:28;PX_222
PX_430;yibotkjuafzncrmdexphgvlsw;2022.10.31 09:01:28;
PX_431;ftxmwcedhzibrp;2022.10.31 09:01:28;PX_121
PX_432;;2022.10.31 09:01:28;PX_389
PX_433;bamukwlcon;2022.10.31 09:01:28;PX_48
PX_434;caxyugvomtnl;2022.10.31 09:01:28;PX_167
PX_435;;2022.10.31 09:01:28;
PX_436;yaqcjhflm;2022.10.31 09:01:28;PX_159
PX_437;bilvmochgusyw;2022.10.31 09:01:28;PX_108
PX_438;;2022.10.31 09:01:28;PX_187
PX_439;ujciaydrvnqzhwbfstpklg;2022.10.31 09:01:28;PX_173
PX_440;tnwdueayhxzqomrj;2022.10.31 09:01:28;
PX_441;;2022.10.31 09:01:28;PX_406
PX_442;gobpiljvczkaehnt;2022.10.31 09:01:28;PX_202
PX_443;enuxtzoqhwsykvpcm;2022.10.31 09:01:28;PX_34
PX_444;;2022.10.31 09:01:28;PX_249
PX_445;jgzmbdysoupltawqcxkvirehn;2022.10.31 09:01:28;
PX_446;vnlbuhrqftscgje;2022.10.31 09:01:28;PX_434
PX_447;;2022.10.31 09:01:28;PX_299
PX_448;yfudrhctwiqelpnksoxb;2022.10.31 09:01:28;PX_306
PX_449;y;2022.10.31 09:01:28;PX_235
PX_450;;2022.10.31 09:01:28;
PX_451;emh;2022.10.31 09:01:28;PX_250
PX_452;brvdmopycw;2022.10.31 09:01:28;PX_348
PX_453;;2022.10.31 09:01:28;PX_415
PX_454;qcpafrsjkledxoguthv;2022.10.31 09:01:28;PX_190
PX_455;wvbgpshuokjdrnlyamtc;2022.10.31 09:01:28;
PX_456;;2022.10.31 09:01:28;PX_370
PX_457;dkwxcpnqsv;2022.10.31 09:01:28;PX_292
PX_458;leyhvarmnfbioxdsptgzkjwuq;2022.10.31 09:01:28;PX_138
PX_459;;2022.10.31 09:01:28;PX_176
PX_460;plhafjrvonz;2022.10.31 09:01:28;
PX_461;sou;2022.10.31 09:01:28;PX_200
PX_462;;2022.10.31 09:01:28;PX_441
PX_463;wmljksxecvunh;2022.10.31 09:01:28;PX_316
PX_464;bleoqfkdvnmixrhs;2022.10.31 09:01:28;PX_277
PX_465;;2022.10.31 09:01:28;
PX_466;trinmgleksfwbzpyo;2022.10.31 09:01:28;PX_465
PX_467;xzrumfgpvldqictejkwshynba;2022.10.31 09:01:28;PX_83
PX_468;;2022.10.31 09:01:28;PX_177
PX_469;gxvbtikwlprdsncf;2022.10.31 09:01:28;PX_202
PX_470;tjibgsroaywzhdufc;2022.10.31 09:01:28;
PX_471;;2022.10.31 09:01:28;PX_64
PX_472;wjrftgmhoqunxpyiskbcae;2022.10.31 09:01:28;PX_271
PX_473;dpzwh;2022.10.31 09:01:28;PX_63
PX_474;;2022.10.31 09:01:28;PX_302
PX_475;tzrymofgwlsphaenucxjvb;2022.10.31 09:01:28;
PX_476;xudqzvitmksflgh;2022.10.31 09:01:28;PX_323
PX_477;;2022.10.31 09:01:28;PX_142
PX_478;gfu;2022.10.31 09:01:28;PX_69
PX_479;yesgqukdijphafmwozcntlb;2022.10.31 09:01:28;PX_140
PX_480;;2022.10.31 09:01:28;
PX_481;hvdqtalzsfikno;2022.10.31 09:01:28;PX_451
PX_482;rasnilqp;2022.10.31 09:01:28;PX_35
PX_483;;2022.10.31 09:01:28;PX_423
PX_484;ltqpvkdbwfnhizjxcsgau;2022.10.31 09:01:28;PX_240
PX_485;yhwdtnlimpresazxqkgbujfvc;2022.10.31 09:01:28;
PX_486;;2022.10.31 09:01:28;PX_97
PX_487;ksvotipfbhnz;2022.10.31 09:01:28;PX_182
PX_488;xfcnqtj;2022.10.31 09:01:28;PX_3
PX_489;;2022.10.31 09:01:28;PX_475
PX_490;wzypxclhfvtnirodsu;2022.10.31 09:01:28;
PX_491;omtezvikpbhqrduxnlyfs;2022.10.31 09:01:28;PX_473
PX_492;;2022.10.31 09:01:28;PX_111
PX_493;syzditgreknfcaub;2022.10.31 09:01:28;PX_224
PX_494;fywklivgjb;2022.10.31 09:01:28;PX_59
PX_495;;2022.10.31 09:01:28;
PX_496;cvzqenlpk;2022.10.31 09:01:28;PX_103
PX_497;mofjitlarc;2022.10.31 09:01:28;PX_100
PX_498;;2022.10.31 09:01:28;PX_152
PX_499;zcsgynxvlkbqdpr;2022.10.31 09:01:28;PX_494
PX_500;yhkvfrbogpqantswczlem;2022.10.31 09:01:28;
PX_501;;2022.10.31 09:01:28;PX_354
PX_502;nhbufwysitgpomzevadlqjxr;2022.10.31 09:01:28;PX_27
PX_503;yhi;2022.10.31 09:01:28;PX_119
PX_504;;2022.10.31 09:01:28;PX_371
PX_505;dxkrjsevnpb;2022.10.31 09:01:28;
PX_506;egvuchrdtpsmz;2022.10.31 09:01:28;PX_201
PX_507;;2022.10.31 09:01:28;PX_25
PX_508;kxqocjwrpfazvhdeymnibsutl;2022.10.31 09:01:28;PX_378
PX_509;zubajpydkwrifhvctgsql;2022.10.31 09:01:28;PX_161
PX_510;;2022.10.31 09:01:28;
PX_511;qachuowefxzm;2022.10.31 09:01:28;PX_260
PX_512;xmngarkjtvbhqpuodzcyls;2022.10.31 09:01:28;PX_486
PX_513;;2022.10.31 09:01:28;PX_330
PX_514;oq;2022.10.31 09:01:28;PX_491
PX_515;acntqdukbsrzylpmixgwovejf;2022.10.31 09:01:28;
PX_516;;2022.10.31 09:01:28;PX_81
PX_517;droevgcnbuyhpijtkf;2022.10.31 09:01:28;PX_424
PX_518;nhwodjuiptqxzmcrfag;2022.10.31 09:01:28;PX_496
PX_519;;2022.10.31 09:01:28;PX_402
PX_520;jyrkudopwhebntmlvczgxqis;2022.10.31 09:01:28;
PX_521;wekzimthldgsurxqo;2022.10.31 09:01:28;PX_271
PX_522;;2022.10.31 09:01:28;PX_283
PX_523;v;2022.10.31 09:01:28;PX_76
PX_524;fqcxlepybokzmgharujdsin;2022.10.31 09:01:28;PX_433
PX_525;;2022.10.31 09:01:28;
PX_526;zgbjothspiklqmuvnwxdf;2022.10.31 09:01:28;PX_455
PX_527;lmovqbnphwjagxer;2022.10.31 09:01:28;PX_230
PX_528;;2022.10.31 09:01:28;PX_58
PX_529;kjnxsztwmlqfiavugeohdy;2022.10.31 09:01:28;PX_198
PX_530;mwigqylrdvsaztxcepf;2022.10.31 09:01:28;
PX_531;;2022.10.31 09:01:28;PX_194
PX_532;lhyjdzcpabuqsomve;2022.10.31 09:01:28;PX_520
PX_533;jpnoavelgbywhtxd;2022.10.31 09:01:28;PX_133
PX_534;;2022.10.31 09:01:28;PX_438
PX_535;ufbsvjxgwipc;2022.10.31 09:01:28;
PX_536;baqpeywhzrdjkfcgolmxuist;2022.10.31 09:01:28;PX_411
PX_537;;2022.10.31 09:01:28;PX_138
PX_538;ztlwkdoshqirmcaxbuev;2022.10.31 09:01:28;PX_378
PX_539;reuifzcwdtghxmy;2022.10.31 09:01:28;PX_448
PX_540;;2022.10.31 09:01:28;
PX_541;wirhsl;2022.10.31 09:01:28;PX_47
PX_542;ubjskmea;2022.10.31 09:01:28;PX_4
PX_543;;2022.10.31 09:01:28;PX_59
PX_544;hjoipuktfagbzcrvxwmlends;2022.10.31 09:01:28;PX_254
PX_545;muhrwqpcvnelx;2022.10.31 09:01:28;
PX_546;;2022.10.31 09:01:28;PX_223
PX_547;vgoaphfbjzelqxmdyiwu;2022.10.31 09:01:28;PX_301
PX_548;tq;2022.10.31 09:01:28;PX_193
PX_549;;2022.10.31 09:01:28;PX_314
PX_550;uagbyxfqentikzldpjwocs;2022.10.31 09:01:28;
PX_551;nisxjaurpdmcgk;2022.10.31 09:01:28;PX_466
PX_552;;2022.10.31 09:01:28;PX_63
PX_553;tdcveonhsfkgxmla;2022.10.31 09:01:28;PX_314
PX_554;zvjmkhcinxeflpybo;2022.10.31 09:01:28;PX_331
PX_555;;2022.10.31 09:01:28;
PX_556;y;2022.10.31 09:01:28;PX_45
PX_557;ifogjyadkcspwt;2022.10.31 09:01:28;PX_62
PX_558;;2022.10.31 09:01:28;PX_434
PX_559;ksvdeyxwczblruojnamih;2022.10.31 09:01:28;PX_311
PX_560;tyswxiorndvkzgc;2022.10.31 09:01:28;
PX_561;;2022.10.31 09:01:28;PX_38
PX_562;tcdpoykslenvbqmhgfazuj;2022.10.31 09:01:28;PX_211
PX_563;vikqp;2022.10.31 09:01:28;PX_447
PX_564;;2022.10.31 09:01:28;PX_512
PX_565;mwyrxatqkgosibvnzjlueh;2022.10.31 09:01:28;
PX_566;gonzepiumklrcf;2022.10.31 09:01:28;PX_526
PX_567;;2022.10.31 09:01:28;PX_220
PX_568;lugkwhmybpq;2022.10.31 09:01:28;PX_90
PX_569;ap;2022.10.31 09:01:28;PX_323
PX_570;;2022.10.31 09:01:28;
PX_571;pubwlayvstdcqjkigf;2022.10.31 09:01:28;PX_215
PX_572;lcrnwfvzbi;2022.10.31 09:01:28;PX_122
PX_573;;2022.10.31 09:01:28;PX_313
PX_574;hokapynsimejtd;2022.10.31 09:01:28;PX_299
PX_575;mbpwlhrg;2022.10.31 09:01:28;
PX_576;;2022.10.31 09:01:28;PX_240
PX_577;wabrindvqpyctlf;2022.10.31 09:01:28;PX_560
PX_578;vfstgqpmw;2022.10.31 09:01:28;PX_415
PX_579;;2022.10.31 09:01:28;PX_324
PX_580;jkg;2022.10.31 09:01:28;
PX_581;pb;2022.10.31 09:01:28;PX_557
PX_582;;2022.10.31 09:01:28;PX_185
PX_583;rzxjabvmnsqpwyoehlk;2022.10.31 09:01:28;PX_362
PX_584;pljkmegqnhsrdoc;2022.10.31 09:01:28;PX_200
PX_585;;2022.10.31 09:01:28;
PX_586;cywoax;2022.10.31 09:01:28;PX_126
PX_587;knrucfawtqg;2022.10.31 09:01:28;PX_515
PX_588;;2022.10.31 09:01:28;PX_41
PX_589;srakvzin;2022.10.31 09:01:28;PX_497
PX_590;xf;2022.10.31 09:01:28;
PX_591;;2022.10.31 09:01:28;PX_310
PX_592;e;2022.10.31 09:01:28;PX_586
PX_593;dfiyasbhlopvkznrcwem;2022.10.31 09:01:28;PX_137
PX_594;;2022.10.31 09:01:28;PX_70
PX_595;txcfbuaqmhoplrvsiynjkwz;2022.10.31 09:01:28;
PX_596;tsadmjucpyhqxnzoekwg;2022.10.31 09:01:28;PX_175
PX_597;;2022.10.31 09:01:28;PX_574
PX_598;lukimwxzsqbdf;2022.10.31 09:01:28;PX_478
PX_599;uioq;2022.10.31 09:01:28;PX_157
PX_600;;2022.10.31 09:01:28;
PX_601;iorfdwuqceghzanks;2022.10.31 09:01:28;PX_463
PX_602;qyhgtuvksnmai;2022.10.31 09:01:28;PX_481
PX_603;;2022.10.31 09:01:28;PX_156
PX_604;dqliau;2022.10.31 09:01:28;PX_496
PX_605;aqpmjkyfovxcz;2022.10.31 09:01:28;
PX_606;;2022.10.31 09:01:28;PX_487
PX_607;fsihlkypzrvcdbagqenw;2022.10.31 09:01:28;PX_175
PX_608;ehbakmvfrnutodcw;2022.10.31 09:01:28;PX_600
PX_609;;2022.10.31 09:01:28;PX_307
PX_610;tnrcpixeakmldzhwsqvu;2022.10.31 09:01:28;
PX_611;jklbhtdrisapgenfux;2022.10.31 09:01:28;PX_248
PX_612;;2022.10.31 09:01:28;PX_326
PX_613;cilktxhbjnqrozdgy;2022.10.31 09:01:28;PX_302
PX_614;zqnyrgabv;2022.10.31 09:01:28;PX_145
PX_615;;2022.10.31 09:01:28;
PX_616;zujmicqvyokprntgxbfe;2022.10.31 09:01:28;PX_465
PX_617;aytfdecbzwipnqgomj;2022.10.31 09:01:28;PX_262
PX_618;;2022.10.31 09:01:28;PX_618
PX_619;tkcnxhpg;2022.10.31 09:01:28;PX_462
PX_620;svp;2022.10.31 09:01:28;
PX_621;;2022.10.31 09:01:28;PX_559
PX_622;fonaqphgz;2022.10.31 09:01:28;PX_594
PX_623;xqsekbcmad;2022.10.31 09:01:28;PX_34
PX_624;;2022.10.31 09:01:28;PX_8
PX_625;tzdyvkchl;2022.10.31 09:01:28;
PX_626;pevltaxbyczhgdqf;2022.10.31 09:01:28;PX_291
PX_627;;2022.10.31 09:01:28;PX_511
PX_628;daxilnqovkutermyj;2022.10.31 09:01:28;PX_246
PX_629;phbmxalkdcto;2022.10.31 09:01:28;PX_104
PX_630;;2022.10.31 09:01:28;
PX_631;efvldwitnrbckgqo;2022.10.31 09:01:28;PX_511
PX_632;vfrdpwgquiaykej;2022.10.31 09:01:28;PX_63
PX_633;;2022.10.31 09:01:28;PX_191
PX_634;p;2022.10.31 09:01:28;PX_408
PX_635;ztqekalsvpdbmhnocxiurw;2022.10.31 09:01:28;
PX_636;;2022.10.31 09:01:28;PX_17
PX_637;dgexmyrljzhcoavufq;2022.10.31 09:01:28;PX_141
PX_638;pzybmfj;2022.10.31 09:01:28;PX_41
PX_639;;2022.10.31 09:01:28;PX_359
PX_640;eirutzcfalmbwnhkyjgdvp;2022.10.31 09:01:28;
PX_641;iqlmrcgjasnkpyfhoex;2022.10.31 09:01:28;PX_492
PX_642;;2022.10.31 09:01:28;PX_400
PX_643;dnpjmtehbfcxgkryvzloiuaqw;2022.10.31 09:01:28;PX_438
PX_644;jbfkdzsqovulwcagiyerxph;2022.10.31 09:01:28;PX_24
PX_645;;2022.10.31 09:01:28;
PX_646;htkydcsnazri;2022.10.31 09:01:28;PX_562
PX_647;qglu;2022.10.31 09:01:28;PX_239
PX_648;;2022.10.31 09:01:28;PX_120
PX_649;sh;2022.10.31 09:01:28;PX_416
PX_650;xydlzts;2022.10.31 09:01:28;
PX_651;;2022.10.31 09:01:28;PX_393
PX_652;oygb;2022.10.31 09:01:28;PX_357
PX_653;buikqdnzhxrocjpwyefa;2022.10.31 09:01:28;PX_286
PX_654;;2022.10.31 09:01:28;PX_253
PX_655;fjshaqvmu;2022.10.31 09:01:28;
PX_656;vywsbtidzfpaemx;2022.10.31 09:01:28;PX_508
PX_657;;2022.10.31 09:01:28;PX_182
PX_658;wbckdphtojzluvsxyq;2022.10.31 09:01:28;PX_390
PX_659;xprdtnousybvkgl;2022.10.31 09:01:28;PX_92
PX_660;;2022.10.31 09:01:28;
PX_661;pdaxnzqfgc;2022.10.31 09:01:28;PX_104
PX_662;wprxuzq;2022.10.31 09:01:28;PX_226
PX_663;;2022.10.31 09:01:28;PX_45
PX_664;tfgjahye;2022.10.31 09:01:28;PX_522
PX_665;plwqsfndabemo;2022.10.31 09:01:28;
PX_666;;2022.10.31 09:01:28;PX_409
PX_667;myhorfkazewgqsic;2022.10.31 09:01:28;PX_263
PX_668;fvcwlteoyanjuiq;2022.10.31 09:01:28;PX_466
PX_669;;2022.10.31 09:01:28;PX_518
PX_670;jqwbzohreptgni;2022.10.31 09:01:28;
PX_671;pynjcvbe;2022.10.31 09:01:28;PX_44
PX_672;;2022.10.31 09:01:28;PX_477
PX_673;fyoxhjzeqtikscnbduaw;2022.10.31 09:01:28;PX_527
PX_674;zgvoxedfytlhpawur;2022.10.31 09:01:28;PX_538
PX_675;;2022.10.31 09:01:28;
PX_676;icdzsqwpkmjh;2022.10.31 09:01:28;PX_363
PX_677;sviqhpnftbawkezjcxo;2022.10.31 09:01:28;PX_227
PX_678;;2022.10.31 09:01:28;PX_496
PX_679;lts;2022.10.31 09:01:28;PX_298
PX_680;r;2022.10.31 09:01:28;
PX_681;;2022.10.31 09:01:28;PX_462
PX_682;eardnqxpiwujlyto;2022.10.31 09:01:28;PX_392
PX_683;iwuxctzlydn;2022.10.31 09:01:28;PX_193
PX_684;;2022.10.31 09:01:28;PX_457
PX_685;bovaxsktmedlwqhcgjn;2022.10.31 09:01:28;
PX_686;av;2022.10.31 09:01:28;PX_127
PX_687;;2022.10.31 09:01:28;PX_318
PX_688;ynxfrgovlzcwpdm;2022.10.31 09:01:28;PX_109
PX_689;teupasgbjvofrnlidzx;2022.10.31 09:01:28;PX_59
PX_690;;2022.10.31 09:01:28;
PX_691;wfaizp;2022.10.31 09:01:28;PX_676
PX_692;ydqxvwpsmktuizol;2022.10.31 09:01:28;PX_120
PX_693;;2022.10.31 09:01:28;PX_67
PX_694;hvkupoxcq;2022.10.31 09:01:28;PX_572
PX_695;chnadtbkrfsvwuq;2022.10.31 09:01:28;
PX_696;;2022.10.31 09:01:28;PX_520
PX_697;h;2022.10.31 09:01:28;PX_621
PX_698;gr;2022.10.31 09:01:28;PX_410
PX_699;;2022.10.31 09:01:28;PX_502
PX_700;nwmighvpxkdqbfrsc;2022.10.31 09:01:28;
PX_701;pyjwgeitshqcox;2022.10.31 09:01:28;PX_360
PX_702;;2022.10.31 09:01:28;PX_440
PX_703;rt;2022.10.31 09:01:28;PX_211
PX_704;nawvmfteholi;2022.10.31 09:01:28;PX_305
PX_705;;2022.10.31 09:01:28;
PX_706;rmjptaqcu;2022.10.31 09:01:28;PX_582
PX_707;gydsemvbnfrkpwuh;2022.10.31 09:01:28;PX_397
PX_708;;2022.10.31 09:01:28;PX_641
PX_709;n;2022.10.31 09:01:28;PX_687
PX_710;kcnbauor;2022.10.31 09:01:28;
PX_711;;2022.10.31 09:01:28;PX_634
PX_712;zsgwmxdkfcvupqejyilhboan;2022.10.31 09:01:28;PX_620
PX_713;wpdzcmnjivehsayuoxbgtql;2022.10.31 09:01:28;PX_637
PX_714;;2022.10.31 09:01:28;PX_87
PX_715;owygtxlvqsfdjipcabzkrmeu;2022.10.31 09:01:28;
PX_716;bcxpkydetrgjzosn;2022.10.31 09:01:28;PX_365
PX_717;;2022.10.31 09:01:28;PX_158
PX_718;olb;2022.10.31 09:01:28;PX_101
PX_719;m;2022.10.31 09:01:28;PX_442
PX_720;;2022.10.31 09:01:28;
PX_721;kzstioeynghlqxprm;2022.10.31 09:01:28;PX_14
PX_722;tewnsjou;2022.10.31 09:01:28;PX_635
PX_723;;2022.10.31 09:01:28;PX_636
PX_724;fmlvgzt;2022.10.31 09:01:28;PX_106
PX_725;eo;2022.10.31 09:01:28;
PX_726;;2022.10.31 09:01:28;PX_694
PX_727;rtmvzpyhgbcks;2022.10.31 09:01:28;PX_201
PX_728;jguqvexp;2022.10.31 09:01:28;PX_636
PX_729;;2022.10.31 09:01:28;PX_392
PX_730;gy;2022.10.31 09:01:28;
PX_731;onsar;2022.10.31 09:01:28;PX_281
PX_732;;2022.10.31 09:01:28;PX_148
PX_733;tpdxnoiufcabejmg;2022.10.31 09:01:28;PX_58
PX_734;joudgxaptsf;2022.10.31 09:01:28;PX_113
PX_735;;2022.10.31 09:01:28;
PX_736;fpuaxceosjlzrvtywk;2022.10.31 09:01:28;PX_340
PX_737;m;2022.10.31 09:01:28;PX_20
PX_738;;2022.10.31 09:01:28;PX_203
PX_739;umwzcojebydxartqfn;2022.10.31 09:01:28;PX_691
PX_740;apr;2022.10.31 09:01:28;
PX_741;;2022.10.31 09:01:28;PX_391
PX_742;bcxeiyfuqwomksztvrnhglja;2022.10.31 09:01:28;PX_671
PX_743;pvcesdaubhqjwognrxykmlit;2022.10.31 09:01:28;PX_260
PX_744;;2022.10.31 09:01:28;PX_129
PX_745;royhgzfapl;2022.10.31 09:01:28;
PX_746;gwnruhcxmoqkbsl;2022.10.31 09:01:28;PX_212
PX_747;;2022.10.31 09:01:28;PX_486
PX_748;tcenvdyamr;2022.10.31 09:01:28;PX_391
PX_749;bfvraklpi;2022.10.31 09:01:28;PX_244
PX_750;;2022.10.31 09:01:28;
PX_751;gwmuvxhntskpaofqc;2022.10.31 09:01:28;PX_503
PX_752;ylkxcmgjdvwheu;2022.10.31 09:01:28;PX_5
PX_753;;2022.10.31 09:01:28;PX_336
PX_754;os;2022.10.31 09:01:28;PX_275
PX_755;ykeuhjxgamlw;2022.10.31 09:01:28;
PX_756;;2022.10.31 09:01:28;PX_612
PX_757;psgz;2022.10.31 09:01:28;PX_501
PX_758;fyivtazkrulmxo;2022.10.31 09:01:28;PX_168
PX_759;;2022.10.31 09:01:28;PX_207
PX_760;zwifedhcnvt;2022.10.31 09:01:28;
PX_761;wfex;2022.10.31 09:01:28;PX_264
PX_762;;2022.10.31 09:01:28;PX_110
PX_763;s;2022.10.31 09:01:28;PX_95
PX_764;chisjlurndvzabfweto;2022.10.31 09:01:28;PX_655
PX_765;;2022.10.31 09:01:28;
PX_766;rfcjnumb;2022.10.31 09:01:28;PX_169
PX_767;jybkwdngpiehozq;2022.10.31 09:01:28;PX_523
PX_768;;2022.10.31 09:01:28;PX_677
PX_769;ydcozximer;2022.10.31 09:01:28;PX_306
PX_770;mh;2022.10.31 09:01:28;
PX_771;;2022.10.31 09:01:28;PX_232
PX_772;gfzhkxouqv;2022.10.31 09:01:28;PX_305
PX_773;ujbpfchmoytks;2022.10.31 09:01:28;PX_580
PX_774;;2022.10.31 09:01:28;PX_713
PX_775;ancjlbhsfpim;2022.10.31 09:01:28;
PX_776;iyobj;2022.10.31 09:01:28;PX_562
PX_777;;2022.10.31 09:01:28;PX_283
PX_778;pusoqmlvgeaywjidf;2022.10.31 09:01:28;PX_317
PX_779;toksahlgdyzmubnevcxfiqwr;2022.10.31 09:01:28;PX_93
PX_780;;2022.10.31 09:01:28;
PX_781;mxq;2022.10.31 09:01:28;PX_227
PX_782;bjkxsqydhtnwcoumlgvzf;2022.10.31 09:01:28;PX_51
PX_783;;2022.10.31 09:01:28;PX_462
PX_784;qjrikbuz;2022.10.31 09:01:28;PX_148
PX_785;mvu;2022.10.31 09:01:28;
PX_786;;2022.10.31 09:01:28;PX_4
PX_787;iayh;2022.10.31 09:01:28;PX_422
PX_788;kvzlbgfmersujpqtdnioch;2022.10.31 09:01:28;PX_393
PX_789;;2022.10.31 09:01:28;PX_174
PX_790;uhxeopvrngkjwycd;2022.10.31 09:01:28;
PX_791;miavhtcsydfgwqzlb;2022.10.31 09:01:28;PX_99
PX_792;;2022.10.31 09:01:28;PX_569
PX_793;orh;2022.10.31 09:01:28;PX_163
PX_794;dcsoaqx;2022.10.31 09:01:28;PX_438
PX_795;;2022.10.31 09:01:28;
PX_796;yxvpgcfonedwralhiqkubzt;2022.10.31 09:01:28;PX_722
PX_797;yhjclgukvbdonpizqt;2022.10.31 09:01:28;PX_794
PX_798;;2022.10.31 09:01:28;PX_21
PX_799;b;2022.10.31 09:01:28;PX_74
PX_800;chz;2022.10.31 09:01:28;
PX_801;;2022.10.31 09:01:28;PX_389
PX_802;bnusykgmcphreoafq;2022.10.31 09:01:28;PX_500
PX_803;mtndf;2022.10.31 09:01:28;PX_490
PX_804;;2022.10.31 09:01:28;PX_607
PX_805;kljqgbra;2022.10.31 09:01:28;
PX_806;mld;2022.10.31 09:01:28;PX_96
PX_807;;2022.10.31 09:01:28;PX_62
PX_808;mvwchpszjnutorkd;2022.10.31 09:01:28;PX_468
PX_809;ltkfusvambjzgdyqepoicrx;2022.10.31 09:01:28;PX_419
PX_810;;2022.10.31 09:01:28;
PX_811;owakymtl;2022.10.31 09:01:28;PX_134
PX_812;txchmgisko;2022.10.31 09:01:28;PX_731
PX_813;;2022.10.31 09:01:28;PX_261
PX_814;cvnjxhzoisya;2022.10.31 09:01:28;PX_321
PX_815;hqubstawncg;2022.10.31 09:01:28;
PX_816;;2022.10.31 09:01:28;PX_277
PX_817;szymwgbkdeilpcxuonartfhq;2022.10.31 09:01:28;PX_705
PX_818;hsclkfgatzbdxroeywipu;2022.10.31 09:01:28;PX_782
PX_819;;2022.10.31 09:01:28;PX_818
PX_820;ksau;2022.10.31 09:01:28;
PX_821;lowxdsujevbrzghkcnq;2022.10.31 09:01:28;PX_347
PX_822;;2022.10.31 09:01:28;PX_818
PX_823;z;2022.10.31 09:01:28;PX_435
PX_824;falyuqnrpbvxosdzjchmkwit;2022.10.31 09:01:28;PX_352
PX_825;;2022.10.31 09:01:28;
PX_826;phtyswzxgvldjr;2022.10.31 09:01:28;PX_821
PX_827;iybejaglprvmdqtwxnhsou;2022.10.31 09:01:28;PX_667
PX_828;;2022.10.31 09:01:28;PX_680
PX_829;a;2022.10.31 09:01:28;PX_479
PX_830;nw;2022.10.31 09:01:28;
PX_831;;2022.10.31 09:01:28;PX_357
PX_832;iakphdgyb;2022.10.31 09:01:28;PX_704
PX_833;trleqjwyvbp;2022.10.31 09:01:28;PX_114
PX_834;;2022.10.31 09:01:28;PX_379
PX_835;qauezorkydhjbxfnlisvpw;2022.10.31 09:01:28;
PX_836;niarktvclqbfghuspedoyxj;2022.10.31 09:01:28;PX_745
PX_837;;2022.10.31 09:01:28;PX_64
PX_838;hwxrjzqdltfnsaigcvkyobp;2022.10.31 09:01:28;PX_322
PX_839;bwavmni;2022.10.31 09:01:28;PX_736
PX_840;;2022.10.31 09:01:28;
PX_841;nidomfkvahebslgqw;2022.10.31 09:01:28;PX_297
PX_842;qniksw;2022.10.31 09:01:28;PX_525
PX_843;;2022.10.31 09:01:28;PX_93
PX_844;tszmdwonkajhec;2022.10.31 09:01:28;PX_545
PX_845;qmrosaluzicpg;2022.10.31 09:01:28;
PX_846;;2022.10.31 09:01:28;PX_676
PX_847;trhxy;2022.10.31 09:01:28;PX_797
PX_848;brwezpqtglmjvuykfi;2022.10.31 09:01:28;PX_770
PX_849;;2022.10.31 09:01:28;PX_54
PX_850;pwkxogsfahnuztymecqlvbi;2022.10.31 09:01:28;
PX_851;ywcqxzfvtroipmjhasbgkedln;2022.10.31 09:01:28;PX_456
PX_852;;2022.10.31 09:01:28;PX_408
PX_853;amniqrbdpwxlyheu;2022.10.31 09:01:28;PX_163
PX_854;yrsugipmodkcbqh;2022.10.31 09:01:28;PX_769
PX_855;;2022.10.31 09:01:28;
PX_856;pkgjzvsrexqodwilafyhbt;2022.10.31 09:01:28;PX_158
PX_857;xwcr;2022.10.31 09:01:28;PX_644
PX_858;;2022.10.31 09:01:28;PX_543
PX_859;urgvbdfwjsohm;2022.10.31 09:01:28;PX_525
PX_860;akpucenxildbhtrozmwgj;2022.10.31 09:01:28;
PX_861;;2022.10.31 09:01:28;PX_20
PX_862;twpnv;2022.10.31 09:01:28;PX_264
PX_863;csydrmxvtenh;2022.10.31 09:01:28;PX_138
PX_864;;2022.10.31 09:01:28;PX_288
PX_865;cldrzjguxp;2022.10.31 09:01:28;
PX_866;ixeklbpomsaywhzfjgtvur;2022.10.31 09:01:28;PX_42
PX_867;;2022.10.31 09:01:28;PX_671
PX_868;wyjfedxhcirksgbtolnqpmau;2022.10.31 09:01:28;PX_44
PX_869;ejsvyagc;2022.10.31 09:01:28;PX_218
PX_870;;2022.10.31 09:01:28;
PX_871;htruslcjybi;2022.10.31 09:01:28;PX_573
PX_872;pikadrlmvjqxhzbuw;2022.10.31 09:01:28;PX_275
PX_873;;2022.10.31 09:01:28;PX_240
PX_874;kiystdwmcgapnvfzoxluejqr;2022.10.31 09:01:28;PX_119
PX_875;xtqyzoklwsucmb;2022.10.31 09:01:28;
PX_876;;2022.10.31 09:01:28;PX_598
PX_877;hqmjgasuxwydzinl;2022.10.31 09:01:28;PX_51
PX_878;gnesbcoatyqzirvxmpd;2022.10.31 09:01:28;PX_105
PX_879;;2022.10.31 09:01:28;PX_63
PX_880;berdciqaxkgu;2022.10.31 09:01:28;
PX_881;sawxhtzkupqynbvmilcg;2022.10.31 09:01:28;PX_813
PX_882;;2022.10.31 09:01:28;PX_276
PX_883;doticnjquax;2022.10.31 09:01:28;PX_803
PX_884;yjecvrkhzmtdsiw;2022.10.31 09:01:28;PX_250
PX_885;;2022.10.31 09:01:28;
PX_886;cfnpvxhrtedmkja;2022.10.31 09:01:28;PX_570
PX_887;saieohxdlbnwcz;2022.10.31 09:01:28;PX_170
PX_888;;2022.10.31 09:01:28;PX_252
PX_889;oigudyvwkcezjrmfhp;2022.10.31 09:01:28;PX_186
PX_890;zhvbcpjuqxwyr;2022.10.31 09:01:28;
PX_891;;2022.10.31 09:01:28;PX_494
PX_892;vqdgyhermtnijclu;2022.10.31 09:01:28;PX_435
PX_893;ovefdpl;2022.10.31 09:01:28;PX_716
PX_894;;2022.10.31 09:01:28;PX_404
PX_895;ofyhn;2022.10.31 09:01:28;
PX_896;gbhfosjpnace;2022.10.31 09:01:28;PX_622
PX_897;;2022.10.31 09:01:28;PX_129
PX_898;pcrsaekjxwgiqfmodlbu;2022.10.31 09:01:28;PX_293
PX_899;punxvtmzwksdqraogyejfcbi;2022.10.31 09:01:28;PX_94
PX_900;;2022.10.31 09:01:28;
PX_901;qohtmfvgknswzleudpra;2022.10.31 09:01:28;PX_640
PX_902;awfm;2022.10.31 09:01:28;PX_582
PX_903;;2022.10.31 09:01:28;PX_786
PX_904;factolnhbdiswrqvgxpmz;2022.10.31 09:01:28;PX_590
PX_905;eqihlzbnsfupmgvjoywcadt;2022.10.31 09:01:28;
PX_906;;2022.10.31 09:01:28;PX_631
PX_907;jslxbci;2022.10.31 09:01:28;PX_846
PX_908;znby;2022.10.31 09:01:28;PX_844
PX_909;;2022.10.31 09:01:28;PX_538
PX_910;cky;2022.10.31 09:01:28;
PX_911;omcqselhgr;2022.10.31 09:01:28;PX_275
PX_912;;2022.10.31 09:01:28;PX_635
PX_913;bydmlkrgzsvqniw;2022.10.31 09:01:28;PX_505
PX_914;ufeiqgadclwyzjprtvnk;2022.10.31 09:01:28;PX_874
PX_915;;2022.10.31 09:01:28;
PX_916;grqckw;2022.10.31 09:01:28;PX_158
PX_917;eif;2022.10.31 09:01:28;PX_732
PX_918;;2022.10.31 09:01:28;PX_105
PX_919;ztfcygkloqnhmiujdaveprwx;2022.10.31 09:01:28;PX_684
PX_920;pvtyuchxdarm;2022.10.31 09:01:28;
PX_921;;2022.10.31 09:01:28;PX_247
PX_922;jfdbrctsaelyn;2022.10.31 09:01:28;PX_731
PX_923;lnweksqfiptydgxoua;2022.10.31 09:01:28;PX_184
PX_924;;2022.10.31 09:01:28;PX_658
PX_925;dbkhzmacs;2022.10.31 09:01:28;
PX_926;khactgmpvixqyzsr;2022.10.31 09:01:28;PX_46
PX_927;;2022.10.31 09:01:28;PX_616
PX_928;gnfpwyho;2022.10.31 09:01:28;PX_661
PX_929;zkdvjlrmcowxqps;2022.10.31 09:01:28;PX_402
PX_930;;2022.10.31 09:01:28;
PX_931;spkumbxtndve;2022.10.31 09:01:28;PX_267
PX_932;vqhnarbkupxe;2022.10.31 09:01:28;PX_145
PX_933;;2022.10.31 09:01:28;PX_369
PX_934;bctdzvmkqupy;2022.10.31 09:01:28;PX_868
PX_935;spkbmezhyagnjutfrqxcoi;2022.10.31 09:01:28;
PX_936;;2022.10.31 09:01:28;PX_441
PX_937;f;2022.10.31 09:01:28;PX_535
PX_938;unorqxdvzcmelftp;2022.10.31 09:01:28;PX_786
PX_939;;2022.10.31 09:01:28;PX_242
PX_940;qtlumghkbeiwxoyfjadvspcz;2022.10.31 09:01:28;
PX_941;udbzgnmojlchk;2022.10.31 09:01:28;PX_656
PX_942;;2022.10.31 09:01:28;PX_864
PX_943;emgtrnadjifqxylvwu;2022.10.31 09:01:28;PX_393
PX_944;lyzwn;2022.10.31 09:01:28;PX_655
PX_945;;2022.10.31 09:01:28;
PX_946;hfps;2022.10.31 09:01:28;PX_837
PX_947;gbhtvjmrkudwlqecyoa;2022.10.31 09:01:28;PX_776
PX_948;;2022.10.31 09:01:28;PX_451
PX_949;btfivhugzdnym;2022.10.31 09:01:28;PX_498
PX_950;yvfnsezwltkao;2022.10.31 09:01:28;
PX_951;;2022.10.31 09:01:28;PX_801
PX_952;ushmyzxjbigrdafento;2022.10.31 09:01:28;PX_239
PX_953;wmi;2022.10.31 09:01:28;PX_381
PX_954;;2022.10.31 09:01:28;PX_153
PX_955;fmvoirjahtluyekg;2022.10.31 09:01:28;
PX_956;vjwy;2022.10.31 09:01:28;PX_554
PX_957;;2022.10.31 09:01:28;PX_912
PX_958;recwzsnqyktmpbloafuxg;2022.10.31 09:01:28;PX_278
PX_959;bxzkisym;2022.10.31 09:01:28;PX_218
PX_960;;2022.10.31 09:01:28;
PX_961;qspcj;2022.10.31 09:01:28;PX_434
PX_962;qhslgbwjconiekzvpyadx;2022.10.31 09:01:28;PX_41
PX_963;;2022.10.31 09:01:28;PX_121
PX_964;lyebqoswrfjzpiav;2022.10.31 09:01:28;PX_158
PX_965;dyonqlsprwutb;2022.10.31 09:01:28;
PX_966;;2022.10.31 09:01:28;PX_174
PX_967;seqvgplyofdwxkmuajhbn;2022.10.31 09:01:28;PX_164
PX_968;hzbulrseikcnfaypxvtjg;2022.10.31 09:01:28;PX_73
PX_969;;2022.10.31 09:01:28;PX_266
PX_970;jrbfklihudyzn;2022.10.31 09:01:28;
PX_971;jcok;2022.10.31 09:01:28;PX_749
PX_972;;2022.10.31 09:01:28;PX_174
PX_973;rdckwgioyjlbfaen;2022.10.31 09:01:28;PX_338
PX_974;u;2022.10.31 09:01:28;PX_559
PX_975;;2022.10.31 09:01:28;
PX_976;lmdpheuscqkbjozgitnaf;2022.10.31 09:01:28;PX_60
PX_977;fekidb;2022.10.31 09:01:28;PX_49
PX_978;;2022.10.31 09:01:28;PX_437
PX_979;pkmynhlsxaobzfwcqigd;2022.10.31 09:01:28;PX_388
PX_980;jhk;2022.10.31 09:01:28;
PX_981;;2022.10.31 09:01:28;PX_615
PX_982;ykvuntbmqcadxhpw;2022.10.31 09:01:28;PX_312
PX_983;vy;2022.10.31 09:01:28;PX_3
PX_984;;2022.10.31 09:01:28;PX_219
PX_985;vgldcbsayuriehfnwqzjxotpk;2022.10.31 09:01:28;
PX_986;mtgxuzonfkdwl;2022.10.31 09:01:28;PX_242
PX_987;;2022.10.31 09:01:28;PX_644
PX_988;sbxikojqtfdagcpmluzhvw;2022.10.31 09:01:28;PX_358
PX_989;aqfzykogljuhetm;2022.10.31 09:01:28;PX_339
PX_990;;2022.10.31 09:01:28;
PX_991;vikhfdjgrcouxbslamznqwey;2022.10.31 09:01:28;PX_461
PX_992;yjnilpo;2022.10.31 09:01:28;PX_388
PX_993;;2022.10.31 09:01:28;PX_628
PX_994;clboymnsfzdxtv;2022.10.31 09:01:28;PX_643
PX_995;oaykvifp;2022.10.31 09:01:28;
PX_996;;2022.10.31 09:01:28;PX_900
PX_997;usjfqcipelobnthaxzmdvrwgy;2022.10.31 09:01:28;PX_759
PX_998;bamqrcwknyfhieogxjp;2022.10.31 09:01:28;PX_61
PX_999;;2022.10.31 09:01:28;PX_79
PX_1000;b;2022.10.31 09:01:28;
PX_1001;gohvfs;2022.10.31 09:01:28;PX_316
PX_1002;;2022.10.31 09:01:28;PX_761
PX_1003;vywxghspctarml;2022.10.31 09:01:28;PX_566
PX_1004;ejzxiy;2022.10.31 09:01:28;PX_56
PX_1005;;2022.10.31 09:01:28;
PX_1006;wlgrksbmhxodezqpucvtyf;2022.10.31 09:01:28;PX_941
PX_1007;kyzbevpld;2022.10.31 09:01:28;PX_457
PX_1008;;2022.10.31 09:01:28;PX_264
PX_1009;kxdfsaymqhbz;2022.10.31 09:01:28;PX_350
PX_1010;rnyhvoumekq;2022.10.31 09:01:28;
PX_1011;;2022.10.31 09:01:28;PX_465
PX_1012;isxeymtcdhwvbjqlfakpng;2022.10.31 09:01:28;PX_629
PX_1013;mjwbvqnhdgkasxirlytzo;2022.10.31 09:01:28;PX_816
PX_1014;;2022.10.31 09:01:28;PX_722
PX_1015;kumyoijbpvcwnsahdtlrxe;2022.10.31 09:01:28;
PX_1016;opcsqtnyxvbhmkjlruew;2022.10.31 09:01:28;PX_91
PX_1017;;2022.10.31 09:01:28;PX_268
PX_1018;tfmheqsakuinxcjwylzdpv;2022.10.31 09:01:28;PX_813
PX_1019;csdqvrj;2022.10.31 09:01:28;PX_712
PX_1020;;2022.10.31 09:01:28;
PX_1021;nhowkciparuqzgtlfyemj;2022.10.31 09:01:28;PX_516
PX_1022;zrhyxlovsudqwtenicpajf;2022.10.31 09:01:28;PX_202
PX_1023;;2022.10.31 09:01:28;PX_436
PX_1024;jsnobpaeftudk;2022.10.31 09:01:28;PX_977
PX_1025;wzejdamyi;2022.10.31 09:01:28;
PX_1026;;2022.10.31 09:01:28;PX_560
PX_1027;fnuw;2022.10.31 09:01:28;PX_200
PX_1028;xswpzvkua;2022.10.31 09:01:28;PX_43
PX_1029;;2022.10.31 09:01:28;PX_410
PX_1030;fx;2022.10.31 09:01:28;
PX_1031;eylibkg;2022.10.31 09:01:28;PX_134
PX_1032;;2022.10.31 09:01:28;PX_130
PX_1033;kmhosfpinlvzgeyrdjqc;2022.10.31 09:01:28;PX_318
PX_1034;lecziwrhnykmtvospujafxq;2022.10.31 09:01:28;PX_543
PX_1035;;2022.10.31 09:01:28;
PX_1036;fwbjemrkgscydohnzuxa;2022.10.31 09:01:28;PX_797
PX_1037;azxlcrfe;2022.10.31 09:01:28;PX_182
PX_1038;;2022.10.31 09:01:28;PX_651
PX_1039;qtfmxcokgseih;2022.10.31 09:01:28;PX_432
PX_1040;kdvnhrgplbcofi;2022.10.31 09:01:28;
PX_1041;;2022.10.31 09:01:28;PX_715
PX_1042;vtdipekuzjb;2022.10.31 09:01:28;PX_160
PX_1043;tgsfjlrmxbhi;2022.10.31 09:01:28;PX_1011
PX_1044;;2022.10.31 09:01:28;PX_228
PX_1045;gvnyripsdlcfqxkbeazwo;2022.10.31 09:01:28;
PX_1046;asp;2022.10.31 09:01:28;PX_718
PX_1047;;2022.10.31 09:01:28;PX_126
PX_1048;myrqveltofzuhnpxg;2022.10.31 09:01:28;PX_304
PX_1049;ibcftzgmhqples;2022.10.31 09:01:28;PX_999
PX_1050;;2022.10.31 09:01:28;
PX_1051;augnbim;2022.10.31 09:01:28;PX_835
PX_1052;bjktcvld;2022.10.31 09:01:28;PX_442
PX_1053;;2022.10.31 09:01:28;PX_81
PX_1054;n;2022.10.31 09:01:28;PX_180
PX_1055;jofryzqxkipntuh;2022.10.31 09:01:28;
PX_1056;;2022.10.31 09:01:28;PX_950
PX_1057;jtfv;2022.10.31 09:01:28;PX_904
PX_1058;yjhsfxegpcv;2022.10.31 09:01:28;PX_71
PX_1059;;2022.10.31 09:01:28;PX_130
PX_1060;mjcrvoqbx;2022.10.31 09:01:28;
PX_1061;pviucb;2022.10.31 09:01:28;PX_812
PX_1062;;2022.10.31 09:01:28;PX_382
PX_1063;knu;2022.10.31 09:01:28;PX_346
PX_1064;pgmlvjewxktdacnyqhsbufzio;2022.10.31 09:01:28;PX_717
PX_1065;;2022.10.31 09:01:28;
PX_1066;wkzytgmposhfruce;2022.10.31 09:01:28;PX_969
PX_1067;xapljncmisdryhubvof;2022.10.31 09:01:28;PX_661
PX_1068;;2022.10.31 09:01:28;PX_500
PX_1069;vzuxhjydqpolcbwanks;2022.10.31 09:01:28;PX_102
PX_1070;loihzme;2022.10.31 09:01:28;
PX_1071;;2022.10.31 09:01:28;PX_318
PX_1072;bgjxiyaedkovhlpcqumfzswrn;2022.10.31 09:01:28;PX_494
PX_1073;ts;2022.10.31 09:01:28;PX_473
PX_1074;;2022.10.31 09:01:28;PX_437
PX_1075;d;2022.10.31 09:01:28;
PX_1076;ibqvkw;2022.10.31 09:01:28;PX_1026
PX_1077;;2022.10.31 09:01:28;PX_783
PX_1078;vdgxflqruackhtjyonwpeszbi;2022.10.31 09:01:28;PX_924
PX_1079;sbi;2022.10.31 09:01:28;PX_761
PX_1080;;2022.10.31 09:01:28;
PX_1081;fbrxcjaedykwuozptilsnvghq;2022.10.31 09:01:28;PX_695
PX_1082;a;2022.10.31 09:01:28;PX_1082
PX_1083;;2022.10.31 09:01:28;PX_593
PX_1084;wyqscd;2022.10.31 09:01:28;PX_415
PX_1085;pdnjemxrgzaqbolf;2022.10.31 09:01:28;
PX_1086;;2022.10.31 09:01:28;PX_300
PX_1087;irlwdtykzbnhof;2022.10.31 09:01:28;PX_409
PX_1088;kmtcbnlzya;2022.10.31 09:01:28;PX_538
PX_1089;;2022.10.31 09:01:28;PX_393
PX_1090;ygarzdpwikumj;2022.10.31 09:01:28;
PX_1091;irmbzvyqusekhajnpwfl;2022.10.31 09:01:28;PX_356
PX_1092;;2022.10.31 09:01:28;PX_85
PX_1093;tsbjngdxopvyalwfmeurqckz;2022.10.31 09:01:28;PX_819
PX_1094;i;2022.10.31 09:01:28;PX_196
PX_1095;;2022.10.31 09:01:28;
PX_1096;yihanockdq;2022.10.31 09:01:28;PX_717
PX_1097;ylvspqjnrdaczefmobwx;2022.10.31 09:01:28;PX_578
PX_1098;;2022.10.31 09:01:28;PX_455
PX_1099;qhkezoptjiyamcgfnslbxdru;2022.10.31 09:01:28;PX_284
PX_1100;agew;2022.10.31 09:01:28;
PX_1101;;2022.10.31 09:01:28;PX_433
PX_1102;xbfwvcqr;2022.10.31 09:01:28;PX_147
PX_1103;fqktmlyxbhgazrieuv;2022.10.31 09:01:28;PX_17
PX_1104;;2022.10.31 09:01:28;PX_591
PX_1105;aweviybtnomdjuczqhkspfg;2022.10.31 09:01:28;
PX_1106;fsevyrigojzk;2022.10.31 09:01:28;PX_243
PX_1107;;2022.10.31 09:01:28;PX_196
PX_1108;uwacrvhb;2022.10.31 09:01:28;PX_528
PX_1109;dbgnekhpuyjw;2022.10.31 09:01:28;PX_378
PX_1110;;2022.10.31 09:01:28;
PX_1111;abp;2022.10.31 09:01:28;PX_302
PX_1112;oql;2022.10.31 09:01:28;PX_108
PX_1113;;2022.10.31 09:01:28;PX_98
PX_1114;lwjfeqxhrtc;2022.10.31 09:01:28;PX_902
PX_1115;vxemnylfbdqwcphk;2022.10.31 09:01:28;
PX_1116;;2022.10.31 09:01:28;PX_975
PX_1117;wvyxjoulahpknsrtdi;2022.10.31 09:01:28;PX_761
PX_1118;hxki;2022.10.31 09:01:28;PX_233
PX_1119;;2022.10.31 09:01:28;PX_976
PX_1120;vlwpeczjxsotkqfgdbynuham;2022.10.31 09:01:28;
PX_1121;frvaxlwn;2022.10.31 09:01:28;PX_799
PX_1122;;2022.10.31 09:01:28;PX_24
PX_1123;i;2022.10.31 09:01:28;PX_490
PX_1124;kpcxarw;2022.10.31 09:01:28;PX_123
PX_1125;;2022.10.31 09:01:28;
PX_1126;jbyumntsiplgcxhwdrqkvf;2022.10.31 09:01:28;PX_79
PX_1127;imueagbldxjwqzprcsvfoytkn;2022.10.31 09:01:28;PX_571
PX_1128;;2022.10.31 09:01:28;PX_324
PX_1129;fokalzjsepuqgy;2022.10.31 09:01:28;PX_982
PX_1130;iskvmjrbxtqzdelpyohfa;2022.10.31 09:01:28;
PX_1131;;2022.10.31 09:01:28;PX_569
PX_1132;pw;2022.10.31 09:01:28;PX_1125
PX_1133;kdcjhnevmtzoisuaxpylbrwqf;2022.10.31 09:01:28;PX_219
PX_1134;;2022.10.31 09:01:28;PX_486
PX_1135;lnupgisazovhcjtdykqb;2022.10.31 09:01:28;
PX_1136;sx;2022.10.31 09:01:28;PX_200
PX_1137;;2022.10.31 09:01:28;PX_1006
PX_1138;dawcfyoqihktemux;2022.10.31 09:01:28;PX_478
PX_1139;sb;2022.10.31 09:01:28;PX_1090
PX_1140;;2022.10.31 09:01:28;
PX_1141;xrgqchzowtefnumbvdksypal;2022.10.31 09:01:28;PX_189
PX_1142;szfyexuhodtwbcqijkanmlpvr;2022.10.31 09:01:28;PX_305
PX_1143;;2022.10.31 09:01:28;PX_602
PX_1144;qxtrnwdezghcisjlk;2022.10.31 09:01:28;PX_80
PX_1145;njvwz;2022.10.31 09:01:28;
PX_1146;;2022.10.31 09:01:28;PX_910
PX_1147;jwyaxdkphg;2022.10.31 09:01:28;PX_929
PX_1148;gsvalkfmnc;2022.10.31 09:01:28;PX_324
PX_1149;;2022.10.31 09:01:28;PX_903
PX_1150;mpvubwrejhfsiax;2022.10.31 09:01:28;
PX_1151;qkfdovsbcnruiamtxyw;2022.10.31 09:01:28;PX_1046
PX_1152;;2022.10.31 09:01:28;PX_140
PX_1153;ejmbktioz;2022.10.31 09:01:28;PX_1147
PX_1154;ja;2022.10.31 09:01:28;PX_524
PX_1155;;2022.10.31 09:01:28;
PX_1156;xpjwofdiaqhvmrkugnyzbeslt;2022.10.31 09:01:28;PX_828
PX_1157;ivycrnzkfswqbgdmxoluta;2022.10.31 09:01:28;PX_90
PX_1158;;2022.10.31 09:01:28;PX_459
PX_1159;nqrsifaumdzyelvjopgbtwhcx;2022.10.31 09:01:28;PX_1050
PX_1160;dzwbqackux;2022.10.31 09:01:28;
PX_1161;;2022.10.31 09:01:28;PX_967
PX_1162;xtvgifacmrsjzueby;2022.10.31 09:01:28;PX_405
PX_1163;dbaveniqlgp;2022.10.31 09:01:28;PX_848
PX_1164;;2022.10.31 09:01:28;PX_92
PX_1165;rtz;2022.10.31 09:01:28;
PX_1166;rpmioglkjeswcqbuanydxzh;2022.10.31 09:01:28;PX_635
PX_1167;;2022.10.31 09:01:28;PX_587
PX_1168;ubpxa;2022.10.31 09:01:28;PX_667
PX_1169;dwingqxhf;2022.10.31 09:01:28;PX_64
PX_1170;;2022.10.31 09:01:28;
PX_1171;anpvxmygcwdjhzfuet;2022.10.31 09:01:28;PX_912
PX_1172;rvwqkzspmh;2022.10.31 09:01:28;PX_1049
PX_1173;;2022.10.31 09:01:28;PX_193
PX_1174;gzriskpvtwoaexcylnqhmdjf;2022.10.31 09:01:28;PX_613
PX_1175;lambnpwix;2022.10.31 09:01:28;
PX_1176;;2022.10.31 09:01:28;PX_282
PX_1177;ohtcmlpuizsnfre;2022.10.31 09:01:28;PX_617
PX_1178;kqwtifpjyeln;2022.10.31 09:01:28;PX_795
PX_1179;;2022.10.31 09:01:28;PX_618
PX_1180;wna;2022.10.31 09:01:28;
PX_1181;gz;2022.10.31 09:01:28;PX_522
PX_1182;;2022.10.31 09:01:28;PX_392
PX_1183;hujkfmwbocxv;2022.10.31 09:01:28;PX_257
PX_1184;phlqweuzytsacon;2022.10.31 09:01:28;PX_628
PX_1185;;2022.10.31 09:01:28;
PX_1186;ozkpyrwbcsujaqimhflnvt;2022.10.31 09:01:28;PX_225
PX_1187;lbughwxop;2022.10.31 09:01:28;PX_73
PX_1188;;2022.10.31 09:01:28;PX_2
PX_1189;elgoinrmbs;2022.10.31 09:01:28;PX_782
PX_1190;xyiaucz;2022.10.31 09:01:28;
PX_1191;;2022.10.31 09:01:28;PX_775
PX_1192;qzghwtelivr;2022.10.31 09:01:28;PX_642
PX_1193;aqsx;2022.10.31 09:01:28;PX_913
PX_1194;;2022.10.31 09:01:28;PX_320
PX_1195;ctxwlozmdn;2022.10.31 09:01:28;
PX_1196;bfqncwty;2022.10.31 09:01:28;PX_425
PX_1197;;2022.10.31 09:01:28;PX_35
PX_1198;vtmuixynqzlabdf;2022.10.31 09:01:28;PX_1063
PX_1199;lusqgevtpmkyx;2022.10.31 09:01:28;PX_22
PX_1200;;2022.10.31 09:01:28;